<FileZillaServer>
    <Settings>
        <Item name="Admin port" type="numeric">14147</Item>
    </Settings>
    <Groups>
        <Group Name="AA">
            <Option Name="Bypass server userlimit">0</Option>
            <Option Name="User Limit">0</Option>
            <Option Name="IP Limit">0</Option>
            <Option Name="Enabled">1</Option>
            <Option Name="Comments"></Option>
            <Option Name="ForceSsl">0</Option>
            <IpFilter>
                <Disallowed />
                <Allowed />
            </IpFilter>
            <Permissions />
            <SpeedLimits DlType="1" DlLimit="10" ServerDlLimitBypass="0" UlType="1" UlLimit="10" ServerUlLimitBypass="0">
                <Download />
                <Upload />
            </SpeedLimits>
        </Group>
    </Groups>
    <Users>
        <User Name="aa">
            <Option Name="Pass"></Option>
            <Option Name="Salt"></Option>
            <Option Name="Group">AA</Option>
            <Option Name="Bypass server userlimit">2</Option>
            <Option Name="User Limit">0</Option>
            <Option Name="IP Limit">0</Option>
            <Option Name="Enabled">2</Option>
            <Option Name="Comments"></Option>
            <Option Name="ForceSsl">2</Option>
            <IpFilter>
                <Disallowed />
                <Allowed />
            </IpFilter>
            <Permissions>
                <Permission Dir="D:\fipImage2">
                    <Option Name="FileRead">1</Option>
                    <Option Name="FileWrite">0</Option>
                    <Option Name="FileDelete">0</Option>
                    <Option Name="FileAppend">0</Option>
                    <Option Name="DirCreate">0</Option>
                    <Option Name="DirDelete">0</Option>
                    <Option Name="DirList">1</Option>
                    <Option Name="DirSubdirs">1</Option>
                    <Option Name="IsHome">0</Option>
                    <Option Name="AutoCreate">0</Option>
                </Permission>
            </Permissions>
            <SpeedLimits DlType="0" DlLimit="10" ServerDlLimitBypass="2" UlType="0" UlLimit="10" ServerUlLimitBypass="2">
                <Download />
                <Upload />
            </SpeedLimits>
        </User>
        <User Name="ftp">
            <Option Name="Pass">8DEEA7DDF3015A4D297ED45750BDE3311D37E06CC47CF1FAB9EB2F1AD454CA411D6280F8678E83D5C79D3036A7D23A936817192562C460BB8D19494DDCBD0258</Option>
            <Option Name="Salt">e1[&quot;H`QUtfc5#PVF{`c&lt;q;\o?OR-B)&quot;AKT_&apos;;&gt;4qs2qY~^#LRKe61GQW[/&apos;SHE`h</Option>
            <Option Name="Group"></Option>
            <Option Name="Bypass server userlimit">0</Option>
            <Option Name="User Limit">0</Option>
            <Option Name="IP Limit">0</Option>
            <Option Name="Enabled">1</Option>
            <Option Name="Comments"></Option>
            <Option Name="ForceSsl">0</Option>
            <IpFilter>
                <Disallowed />
                <Allowed />
            </IpFilter>
            <Permissions>
                <Permission Dir="D:\ftpImage">
                    <Option Name="FileRead">1</Option>
                    <Option Name="FileWrite">1</Option>
                    <Option Name="FileDelete">1</Option>
                    <Option Name="FileAppend">1</Option>
                    <Option Name="DirCreate">1</Option>
                    <Option Name="DirDelete">1</Option>
                    <Option Name="DirList">1</Option>
                    <Option Name="DirSubdirs">1</Option>
                    <Option Name="IsHome">1</Option>
                    <Option Name="AutoCreate">0</Option>
                </Permission>
            </Permissions>
            <SpeedLimits DlType="0" DlLimit="10" ServerDlLimitBypass="0" UlType="0" UlLimit="10" ServerUlLimitBypass="0">
                <Download />
                <Upload />
            </SpeedLimits>
        </User>
    </Users>
</FileZillaServer>
